,Model,Test Loss,Test Accuracy
0,HybridV1,1.464717984199524,0.9747619032859802
1,DenseNet,0.7712564468383789,0.9066666960716248
2,XceptionNet,1.3304909467697144,0.9066666960716248
3,VGGNet,2.183871030807495,0.8552380800247192
4,InceptionNet,1.1826270818710327,0.8409523963928223
5,Base CNN,1.6309415102005005,0.5223809480667114
