{"Base CNN": {"Test Loss": 1.6309415102005005, "Test Accuracy": 0.5223809480667114}, "DenseNet": {"Test Loss": 0.7712564468383789, "Test Accuracy": 0.9066666960716248}, "InceptionNet": {"Test Loss": 1.1826270818710327, "Test Accuracy": 0.8409523963928223}, "HybridV1": {"Test Loss": 1.464717984199524, "Test Accuracy": 0.9747619032859802}, "VGGNet": {"Test Loss": 2.183871030807495, "Test Accuracy": 0.8552380800247192}, "XceptionNet": {"Test Loss": 1.3304909467697144, "Test Accuracy": 0.9066666960716248}}