{"Base CNN": {"Test Loss": 2.0468029975891113, "Test Accuracy": 0.3938095271587372}, "DenseNet121": {"Test Loss": 0.7712564468383789, "Test Accuracy": 0.9066666960716248}, "InceptionNet": {"Test Loss": 1.1826270818710327, "Test Accuracy": 0.8409523963928223}, "ResidualNet50": {"Test Loss": 0.32124999165534973, "Test Accuracy": 0.9476190209388733}, "VGG16Net": {"Test Loss": 2.183871030807495, "Test Accuracy": 0.8552380800247192}, "XceptionNet": {"Test Loss": 1.3304909467697144, "Test Accuracy": 0.9066666960716248}, "DenseNet121 + RNN (HybridV1)": {"Test Loss": 1.464717984199524, "Test Accuracy": 0.9747619032859802}, "Ensemble (Xception+VGG16)": {"Test Loss": -0.9338095238095238, "Test Accuracy": 0.9338095238095238}}