{
    "accuracy": [
        0.7594558000564575,
        0.8359183669090271,
        0.8435373902320862,
        0.8463945388793945,
        0.8522449135780334,
        0.8436734676361084,
        0.8510203957557678,
        0.8458503484725952,
        0.8393197059631348,
        0.8404081463813782,
        0.8419047594070435
    ],
    "loss": [
        48.863555908203125,
        3.936890125274658,
        2.556107759475708,
        2.232088565826416,
        2.0932459831237793,
        2.0947232246398926,
        2.057680368423462,
        2.1615118980407715,
        2.105753183364868,
        2.2763025760650635,
        2.1794493198394775
    ],
    "val_accuracy": [
        0.7895237803459167,
        0.7419047355651855,
        0.7304762005805969,
        0.8114285469055176,
        0.7799999713897705,
        0.8104761838912964,
        0.7457143068313599,
        0.8038095235824585,
        0.6780952215194702,
        0.7828571200370789,
        0.7095237970352173
    ],
    "val_loss": [
        6.803685188293457,
        3.19679594039917,
        2.661888599395752,
        2.254972219467163,
        2.3670217990875244,
        2.1662707328796387,
        2.5484917163848877,
        2.208996295928955,
        2.649334192276001,
        2.3717846870422363,
        2.591019630432129
    ]
}