{
    "accuracy": [
        0.7594558000564575,
        0.8359183669090271,
        0.8435373902320862,
        0.8463945388793945,
        0.8522449135780334,
        0.8436734676361084,
        0.8510203957557678,
        0.8458503484725952,
        0.8393197059631348,
        0.8404081463813782,
        0.8419047594070435,
        0.6069387793540955,
        0.8176870942115784,
        0.8470748066902161,
        0.6081632375717163,
        0.8118367195129395,
        0.848027229309082,
        0.859183669090271,
        0.8718367218971252,
        0.8731972575187683,
        0.8676190376281738,
        0.8722448945045471,
        0.8710204362869263,
        0.8721088171005249,
        0.8730612397193909,
        0.8790476322174072,
        0.8715646266937256,
        0.8737415075302124,
        0.8814966082572937,
        0.8780952095985413,
        0.8819047808647156,
        0.8761904835700989,
        0.8760544061660767,
        0.8749659657478333
    ],
    "loss": [
        48.863555908203125,
        3.936890125274658,
        2.556107759475708,
        2.232088565826416,
        2.0932459831237793,
        2.0947232246398926,
        2.057680368423462,
        2.1615118980407715,
        2.105753183364868,
        2.2763025760650635,
        2.1794493198394775,
        7.689514636993408,
        4.234454154968262,
        2.798337697982788,
        7.657562732696533,
        4.226875305175781,
        2.766397476196289,
        2.0128488540649414,
        1.564491868019104,
        1.3224217891693115,
        1.2050291299819946,
        1.1256064176559448,
        1.0417240858078003,
        1.0135787725448608,
        0.9967918992042542,
        0.9616134762763977,
        0.9575252532958984,
        0.9369931221008301,
        0.8907518982887268,
        0.8837721347808838,
        0.8646209239959717,
        0.86710524559021,
        0.872007429599762,
        0.862804114818573
    ],
    "val_accuracy": [
        0.7895237803459167,
        0.7419047355651855,
        0.7304762005805969,
        0.8114285469055176,
        0.7799999713897705,
        0.8104761838912964,
        0.7457143068313599,
        0.8038095235824585,
        0.6780952215194702,
        0.7828571200370789,
        0.7095237970352173,
        0.8190476298332214,
        0.8352380990982056,
        0.8885714411735535,
        0.8047618865966797,
        0.845714271068573,
        0.8647618889808655,
        0.869523823261261,
        0.8485714197158813,
        0.8399999737739563,
        0.8657143115997314,
        0.8714285492897034,
        0.8847619295120239,
        0.8419047594070435,
        0.8552380800247192,
        0.8580952286720276,
        0.8580952286720276,
        0.8761904835700989,
        0.8190476298332214,
        0.8495237827301025,
        0.8590475916862488,
        0.7809523940086365,
        0.8866666555404663,
        0.8504762053489685
    ],
    "val_loss": [
        6.803685188293457,
        3.19679594039917,
        2.661888599395752,
        2.254972219467163,
        2.3670217990875244,
        2.1662707328796387,
        2.5484917163848877,
        2.208996295928955,
        2.649334192276001,
        2.3717846870422363,
        2.591019630432129,
        5.295359134674072,
        3.4001476764678955,
        2.2742486000061035,
        5.26327657699585,
        3.3413383960723877,
        2.233147621154785,
        1.7335699796676636,
        1.4832247495651245,
        1.2906970977783203,
        1.173242211341858,
        1.1051013469696045,
        0.9913054704666138,
        1.0946128368377686,
        1.024498462677002,
        1.0633291006088257,
        0.986443817615509,
        0.9226771593093872,
        1.0950781106948853,
        1.003034234046936,
        0.8935410976409912,
        1.2448004484176636,
        0.8231157660484314,
        0.9793000221252441
    ]
}