{
    "accuracy": [
        0.8104761838912964,
        0.93768709897995,
        0.9685714244842529,
        0.9780952334403992,
        0.9846258759498596,
        0.9859864115715027,
        0.9893877506256104,
        0.992789089679718,
        0.9952380657196045,
        0.9942857027053833,
        0.9929251670837402,
        0.9953741431236267,
        0.9978231191635132,
        0.9983673691749573,
        0.9990476369857788,
        0.9993197321891785,
        0.9994558095932007,
        0.9998639225959778,
        0.9998639225959778,
        0.9998639225959778,
        0.36312925815582275,
        0.7144217491149902,
        0.8119727969169617,
        0.8639456033706665,
        0.8908843398094177,
        0.9191836714744568,
        0.9331972599029541,
        0.9444897770881653,
        0.9527891278266907,
        0.9644898176193237,
        0.9687075018882751,
        0.9752380847930908,
        0.9768707752227783,
        0.9835374355316162,
        0.9855782389640808,
        0.9862585067749023,
        0.988843560218811,
        0.9893877506256104,
        0.9930612444877625,
        0.9917007088661194
    ],
    "loss": [
        1.7838817834854126,
        0.8404934406280518,
        0.48862001299858093,
        0.32193416357040405,
        0.22724448144435883,
        0.18909630179405212,
        0.1572468876838684,
        0.13670173287391663,
        0.12061020731925964,
        0.11145415157079697,
        0.11582808196544647,
        0.10899045318365097,
        0.08883136510848999,
        0.07752525806427002,
        0.07033921778202057,
        0.06681722402572632,
        0.06327074766159058,
        0.06101389229297638,
        0.05852920934557915,
        0.05741370841860771,
        12.734100341796875,
        10.69166088104248,
        9.714010238647461,
        8.882920265197754,
        8.130643844604492,
        7.413763999938965,
        6.744661808013916,
        6.121650218963623,
        5.537016868591309,
        4.988693714141846,
        4.489286422729492,
        4.019053936004639,
        3.5979385375976562,
        3.201979398727417,
        2.8458259105682373,
        2.526393175125122,
        2.232178211212158,
        1.970917820930481,
        1.7334282398223877,
        1.5228924751281738
    ],
    "val_accuracy": [
        0.8742856979370117,
        0.9276190400123596,
        0.9266666769981384,
        0.9361904859542847,
        0.9514285922050476,
        0.976190447807312,
        0.9609524011611938,
        0.9647619128227234,
        0.9752380847930908,
        0.9599999785423279,
        0.9571428298950195,
        0.9628571271896362,
        0.9800000190734863,
        0.9819047451019287,
        0.9866666793823242,
        0.9790475964546204,
        0.9819047451019287,
        0.9904761910438538,
        0.977142870426178,
        0.9885714054107666,
        0.7123809456825256,
        0.8361904621124268,
        0.8847619295120239,
        0.9028571248054504,
        0.9171428680419922,
        0.9219047427177429,
        0.9209523797035217,
        0.9457142949104309,
        0.9552381038665771,
        0.9438095092773438,
        0.9571428298950195,
        0.9599999785423279,
        0.9628571271896362,
        0.9638095498085022,
        0.961904764175415,
        0.9685714244842529,
        0.9599999785423279,
        0.9571428298950195,
        0.9685714244842529,
        0.9723809361457825
    ],
    "val_loss": [
        2.478773832321167,
        1.3977429866790771,
        0.7647064924240112,
        0.4392959773540497,
        0.32635262608528137,
        0.21890252828598022,
        0.23854456841945648,
        0.19662736356258392,
        0.16616412997245789,
        0.2081572562456131,
        0.23305626213550568,
        0.20258963108062744,
        0.13524171710014343,
        0.1298287957906723,
        0.10873611271381378,
        0.11862192302942276,
        0.11806954443454742,
        0.09148683398962021,
        0.11018383502960205,
        0.093483105301857,
        12.340668678283691,
        10.756002426147461,
        9.424347877502441,
        8.48752498626709,
        7.737359046936035,
        7.076626300811768,
        6.438411235809326,
        5.832887172698975,
        5.255001544952393,
        4.771508693695068,
        4.290648460388184,
        3.8325746059417725,
        3.428481340408325,
        3.075420379638672,
        2.7317779064178467,
        2.4237544536590576,
        2.1688756942749023,
        1.9258965253829956,
        1.6862945556640625,
        1.4756226539611816
    ],
    "learning_rate": [
        0.0010000000474974513,
        0.0010000000474974513,
        0.0010000000474974513,
        0.0010000000474974513,
        0.0010000000474974513,
        0.0010000000474974513,
        0.0010000000474974513,
        0.0010000000474974513,
        0.0010000000474974513,
        0.0010000000474974513,
        0.0010000000474974513,
        0.0010000000474974513,
        0.0005000000237487257,
        0.0005000000237487257,
        0.0005000000237487257,
        0.0005000000237487257,
        0.0005000000237487257,
        0.0005000000237487257,
        0.0005000000237487257,
        0.0005000000237487257,
        9.999999747378752e-05,
        9.999999747378752e-05,
        9.999999747378752e-05,
        9.999999747378752e-05,
        9.999999747378752e-05,
        9.999999747378752e-05,
        9.999999747378752e-05,
        9.999999747378752e-05,
        9.999999747378752e-05,
        9.999999747378752e-05,
        9.999999747378752e-05,
        9.999999747378752e-05,
        9.999999747378752e-05,
        9.999999747378752e-05,
        9.999999747378752e-05,
        9.999999747378752e-05,
        9.999999747378752e-05,
        9.999999747378752e-05,
        9.999999747378752e-05,
        9.999999747378752e-05
    ]
}