{
    "accuracy": [
        0.18408162891864777,
        0.3248979449272156,
        0.3819047510623932,
        0.4176870882511139,
        0.4378231167793274,
        0.4648979604244232,
        0.4843537509441376,
        0.49292516708374023,
        0.5149660110473633,
        0.522040843963623,
        0.5317006707191467,
        0.5517006516456604,
        0.5600000023841858,
        0.5772789120674133,
        0.5753741264343262,
        0.5907483100891113,
        0.6042177081108093,
        0.6100680232048035,
        0.6152380704879761
    ],
    "loss": [
        10.697208404541016,
        8.182759284973145,
        6.382150173187256,
        5.094615936279297,
        4.195608139038086,
        3.5490057468414307,
        3.098998785018921,
        2.768401861190796,
        2.48921799659729,
        2.310434103012085,
        2.169595718383789,
        2.0288100242614746,
        1.9333332777023315,
        1.8646401166915894,
        1.801743745803833,
        1.7192648649215698,
        1.651579737663269,
        1.6073293685913086,
        1.5541036128997803
    ],
    "val_accuracy": [
        0.060952380299568176,
        0.24095238745212555,
        0.2676190435886383,
        0.30761903524398804,
        0.2561904788017273,
        0.3152380883693695,
        0.39047619700431824,
        0.41904762387275696,
        0.369523823261261,
        0.35428571701049805,
        0.4161904752254486,
        0.4647619128227234,
        0.31142857670783997,
        0.4828571379184723,
        0.4228571355342865,
        0.38285714387893677,
        0.4333333373069763,
        0.40857142210006714,
        0.41238096356391907
    ],
    "val_loss": [
        9.794694900512695,
        7.482705116271973,
        6.012933254241943,
        5.053282260894775,
        4.562779903411865,
        3.914038896560669,
        3.1842095851898193,
        2.8878443241119385,
        3.0584328174591064,
        2.826066493988037,
        2.5691401958465576,
        2.2940542697906494,
        3.252403974533081,
        2.1175146102905273,
        2.229266405105591,
        2.5257084369659424,
        2.170656681060791,
        2.5736582279205322,
        2.3951823711395264
    ]
}