{
    "accuracy": [
        0.7170068025588989,
        0.7193197011947632,
        0.7876190543174744,
        0.7930611968040466,
        0.7844898104667664,
        0.7868027091026306,
        0.786530613899231,
        0.7888435125350952
    ],
    "loss": [
        57.1754035949707,
        56.32264709472656,
        4.067890644073486,
        3.262179374694824,
        3.185352325439453,
        3.271458148956299,
        3.3462977409362793,
        3.5729587078094482
    ],
    "val_accuracy": [
        0.616190493106842,
        0.5828571319580078,
        0.7180952429771423,
        0.6009523868560791,
        0.6619047522544861,
        0.6780952215194702,
        0.6009523868560791,
        0.6228571534156799
    ],
    "val_loss": [
        6.696743011474609,
        6.8410162925720215,
        3.6134705543518066,
        4.112909317016602,
        3.6498947143554688,
        3.7112619876861572,
        4.0271430015563965,
        4.0505876541137695
    ]
}