{
    "accuracy": [
        0.7170068025588989,
        0.7193197011947632,
        0.7876190543174744,
        0.7930611968040466,
        0.7844898104667664,
        0.7868027091026306,
        0.786530613899231,
        0.7888435125350952,
        0.6031292676925659,
        0.7821768522262573,
        0.7970067858695984,
        0.8077551126480103,
        0.8097959160804749,
        0.8133333325386047,
        0.8038095235824585,
        0.8102040886878967,
        0.8069387674331665,
        0.80448979139328,
        0.8012244701385498,
        0.8102040886878967,
        0.806258499622345,
        0.8129251599311829,
        0.8235374093055725,
        0.8160544037818909,
        0.813469409942627,
        0.6053061485290527,
        0.7835373878479004,
        0.7970067858695984,
        0.8058503270149231,
        0.80448979139328,
        0.8074830174446106,
        0.8055782318115234,
        0.8168707489967346,
        0.8111564517021179,
        0.811700701713562,
        0.8078911304473877,
        0.8111564517021179,
        0.8195918202400208,
        0.8115646243095398,
        0.8141496777534485,
        0.8153741359710693,
        0.8121088147163391,
        0.813469409942627,
        0.8149659633636475,
        0.8057143092155457
    ],
    "loss": [
        57.1754035949707,
        56.32264709472656,
        4.067890644073486,
        3.262179374694824,
        3.185352325439453,
        3.271458148956299,
        3.3462977409362793,
        3.5729587078094482,
        10.516244888305664,
        5.642703056335449,
        3.491729974746704,
        2.471648693084717,
        1.9863346815109253,
        1.7732172012329102,
        1.6524906158447266,
        1.5517122745513916,
        1.484052062034607,
        1.419537901878357,
        1.3927875757217407,
        1.3373358249664307,
        1.3082547187805176,
        1.2551441192626953,
        1.2026172876358032,
        1.225947618484497,
        1.2245151996612549,
        10.546544075012207,
        5.674137115478516,
        3.5547780990600586,
        2.5361788272857666,
        2.0739097595214844,
        1.7937315702438354,
        1.670082688331604,
        1.518861174583435,
        1.4154784679412842,
        1.383110523223877,
        1.3508355617523193,
        1.3015997409820557,
        1.2591546773910522,
        1.2442582845687866,
        1.2544143199920654,
        1.2327090501785278,
        1.2200653553009033,
        1.2365487813949585,
        1.2262791395187378,
        1.2271581888198853
    ],
    "val_accuracy": [
        0.616190493106842,
        0.5828571319580078,
        0.7180952429771423,
        0.6009523868560791,
        0.6619047522544861,
        0.6780952215194702,
        0.6009523868560791,
        0.6228571534156799,
        0.8247619271278381,
        0.8247619271278381,
        0.8419047594070435,
        0.8180952668190002,
        0.7742857336997986,
        0.7895237803459167,
        0.7352380752563477,
        0.7809523940086365,
        0.7799999713897705,
        0.7704761624336243,
        0.7819047570228577,
        0.7628571391105652,
        0.7676190733909607,
        0.7676190733909607,
        0.7980952262878418,
        0.700952410697937,
        0.8047618865966797,
        0.800000011920929,
        0.8180952668190002,
        0.8066666722297668,
        0.7914285659790039,
        0.8257142901420593,
        0.7019047737121582,
        0.7457143068313599,
        0.776190459728241,
        0.7876190543174744,
        0.6952381134033203,
        0.7799999713897705,
        0.700952410697937,
        0.8323809504508972,
        0.7342857122421265,
        0.8142856955528259,
        0.7333333492279053,
        0.6885714530944824,
        0.8161904811859131,
        0.7285714149475098,
        0.7066666483879089
    ],
    "val_loss": [
        6.696743011474609,
        6.8410162925720215,
        3.6134705543518066,
        4.112909317016602,
        3.6498947143554688,
        3.7112619876861572,
        4.0271430015563965,
        4.0505876541137695,
        7.184147357940674,
        4.165804386138916,
        2.7455251216888428,
        2.1540470123291016,
        2.019749164581299,
        1.7606909275054932,
        1.783972978591919,
        1.6836063861846924,
        1.5755352973937988,
        1.5591280460357666,
        1.5006020069122314,
        1.4315788745880127,
        1.4133517742156982,
        1.390000343322754,
        1.321807861328125,
        1.5734089612960815,
        1.2511612176895142,
        7.258619785308838,
        4.26659631729126,
        2.910423755645752,
        2.2625648975372314,
        1.8685412406921387,
        2.154343605041504,
        1.894822597503662,
        1.512353539466858,
        1.4701287746429443,
        1.8786182403564453,
        1.4625308513641357,
        1.8268765211105347,
        1.2197813987731934,
        1.6349533796310425,
        1.3166977167129517,
        1.5302348136901855,
        1.7014437913894653,
        1.2114536762237549,
        1.550662875175476,
        1.5436468124389648
    ]
}