{
    "accuracy": [
        0.8496598601341248,
        0.9835374355316162,
        0.9930612444877625,
        0.994557797908783,
        0.9926530718803406,
        0.9882993102073669,
        0.9840816259384155,
        0.9876190423965454,
        0.9892516732215881,
        0.9876190423965454,
        0.9911564588546753,
        0.9904761910438538,
        0.9903401136398315,
        0.9869387745857239,
        0.9953741431236267,
        0.995102047920227,
        0.9940136075019836,
        0.9899320006370544,
        0.991428554058075,
        0.9869387745857239,
        0.8032653331756592,
        0.9466666579246521,
        0.9640816450119019,
        0.9793197512626648,
        0.9862585067749023
    ],
    "loss": [
        8.304194450378418,
        6.7353715896606445,
        5.4548420906066895,
        4.2772064208984375,
        3.274989128112793,
        2.4785828590393066,
        1.88592529296875,
        1.4227954149246216,
        1.082208275794983,
        0.8363336324691772,
        0.6367257833480835,
        0.49599266052246094,
        0.3953608572483063,
        0.32948407530784607,
        0.23608741164207458,
        0.18915288150310516,
        0.1568920761346817,
        0.14982293546199799,
        0.12468589097261429,
        0.1302734762430191,
        1.8110237121582031,
        0.8423620462417603,
        0.5102068781852722,
        0.32648614048957825,
        0.23142851889133453
    ],
    "val_accuracy": [
        0.046666666865348816,
        0.0714285746216774,
        0.07428571581840515,
        0.12952381372451782,
        0.30571427941322327,
        0.4752380847930908,
        0.6638095378875732,
        0.8380952477455139,
        0.9028571248054504,
        0.9428571462631226,
        0.9047619104385376,
        0.9323809742927551,
        0.9447619318962097,
        0.9495238065719604,
        0.9742857217788696,
        0.9457142949104309,
        0.9228571653366089,
        0.9228571653366089,
        0.9047619104385376,
        0.9104762077331543,
        0.8771428465843201,
        0.9285714030265808,
        0.9476190209388733,
        0.9095237851142883,
        0.9257143139839172
    ],
    "val_loss": [
        10.619524955749512,
        9.766322135925293,
        8.506688117980957,
        7.511285305023193,
        5.605261325836182,
        4.943991184234619,
        2.908400535583496,
        1.9594975709915161,
        1.2864763736724854,
        0.9035748243331909,
        0.8651018142700195,
        0.7012322545051575,
        0.5395022034645081,
        0.4326212704181671,
        0.2822701334953308,
        0.3481849431991577,
        0.4350610077381134,
        0.45056918263435364,
        0.532257080078125,
        0.48866477608680725,
        2.4683609008789062,
        1.436004638671875,
        0.7264845967292786,
        0.5297607779502869,
        0.41740331053733826
    ],
    "learning_rate": [
        0.0010000000474974513,
        0.0010000000474974513,
        0.0010000000474974513,
        0.0010000000474974513,
        0.0010000000474974513
    ]
}