{
    "accuracy": [
        0.8496598601341248,
        0.9835374355316162,
        0.9930612444877625,
        0.994557797908783,
        0.9926530718803406,
        0.9882993102073669,
        0.9840816259384155,
        0.9876190423965454,
        0.9892516732215881,
        0.9876190423965454,
        0.9911564588546753,
        0.9904761910438538,
        0.9903401136398315,
        0.9869387745857239,
        0.9953741431236267,
        0.995102047920227,
        0.9940136075019836,
        0.9899320006370544,
        0.991428554058075,
        0.9869387745857239,
        0.8032653331756592,
        0.9466666579246521,
        0.9640816450119019,
        0.9793197512626648,
        0.9862585067749023,
        0.0895238071680069,
        0.13496598601341248,
        0.16857142746448517,
        0.19646258652210236,
        0.21564625203609467,
        0.23414966464042664,
        0.25129252672195435,
        0.2687074840068817,
        0.2706122398376465,
        0.2893877625465393,
        0.2956462502479553,
        0.3146938681602478,
        0.31646257638931274,
        0.3152380883693695,
        0.3254421651363373,
        0.33727890253067017,
        0.34775510430336,
        0.354013592004776,
        0.34761905670166016,
        0.35687074065208435,
        0.8495237827301025,
        0.9839455485343933,
        0.9910203814506531,
        0.9941496849060059,
        0.9925169944763184,
        0.9907482862472534,
        0.9877551198005676,
        0.983401358127594,
        0.9847618937492371,
        0.991972804069519,
        0.9900680184364319,
        0.9895238280296326,
        0.9912925362586975,
        0.991428554058075,
        0.9976871013641357,
        0.9918367266654968,
        0.9922448992729187,
        0.9930612444877625,
        0.8544217944145203,
        0.9843537211418152,
        0.990612268447876,
        0.9931972622871399,
        0.9915646314620972,
        0.9912925362586975,
        0.9900680184364319,
        0.9848979711532593,
        0.9869387745857239,
        0.9885714054107666,
        0.9881632924079895,
        0.9930612444877625,
        0.9876190423965454,
        0.9917007088661194,
        0.9933333396911621,
        0.9893877506256104,
        0.9921088218688965,
        0.9946938753128052,
        0.9955102205276489,
        0.9923809766769409
    ],
    "loss": [
        8.304194450378418,
        6.7353715896606445,
        5.4548420906066895,
        4.2772064208984375,
        3.274989128112793,
        2.4785828590393066,
        1.88592529296875,
        1.4227954149246216,
        1.082208275794983,
        0.8363336324691772,
        0.6367257833480835,
        0.49599266052246094,
        0.3953608572483063,
        0.32948407530784607,
        0.23608741164207458,
        0.18915288150310516,
        0.1568920761346817,
        0.14982293546199799,
        0.12468589097261429,
        0.1302734762430191,
        1.8110237121582031,
        0.8423620462417603,
        0.5102068781852722,
        0.32648614048957825,
        0.23142851889133453,
        13.21712875366211,
        9.703669548034668,
        7.822977066040039,
        6.712198734283447,
        6.07204008102417,
        5.626803398132324,
        5.351381301879883,
        5.106042861938477,
        4.930955410003662,
        4.753713130950928,
        4.625310897827148,
        4.465556621551514,
        4.3377203941345215,
        4.241959571838379,
        4.144943714141846,
        4.030397891998291,
        3.953030586242676,
        3.854306221008301,
        3.80230975151062,
        3.7161214351654053,
        8.337689399719238,
        6.776785850524902,
        5.531640529632568,
        4.3630690574646,
        3.361084222793579,
        2.5472190380096436,
        1.9339699745178223,
        1.483768105506897,
        1.142890453338623,
        0.8622741103172302,
        0.6650124192237854,
        0.5267583131790161,
        0.40442079305648804,
        0.3212555944919586,
        0.23537486791610718,
        0.20778051018714905,
        0.16588306427001953,
        0.13709113001823425,
        8.321304321289062,
        6.761059761047363,
        5.492733001708984,
        4.324888229370117,
        3.3307156562805176,
        2.5264556407928467,
        1.9053761959075928,
        1.4605189561843872,
        1.1155565977096558,
        0.8611178398132324,
        0.6649035215377808,
        0.5094488263130188,
        0.41137781739234924,
        0.32407310605049133,
        0.2529456317424774,
        0.2169686257839203,
        0.1755547821521759,
        0.14102806150913239,
        0.11488459259271622,
        0.10652840882539749
    ],
    "val_accuracy": [
        0.046666666865348816,
        0.0714285746216774,
        0.07428571581840515,
        0.12952381372451782,
        0.30571427941322327,
        0.4752380847930908,
        0.6638095378875732,
        0.8380952477455139,
        0.9028571248054504,
        0.9428571462631226,
        0.9047619104385376,
        0.9323809742927551,
        0.9447619318962097,
        0.9495238065719604,
        0.9742857217788696,
        0.9457142949104309,
        0.9228571653366089,
        0.9228571653366089,
        0.9047619104385376,
        0.9104762077331543,
        0.8771428465843201,
        0.9285714030265808,
        0.9476190209388733,
        0.9095237851142883,
        0.9257143139839172,
        0.05428571254014969,
        0.11999999731779099,
        0.18571428954601288,
        0.23333333432674408,
        0.27619048953056335,
        0.2571428716182709,
        0.3276190459728241,
        0.2685714364051819,
        0.3380952477455139,
        0.3028571307659149,
        0.3495238125324249,
        0.30761903524398804,
        0.3819047510623932,
        0.3095238208770752,
        0.33142855763435364,
        0.3514285683631897,
        0.3466666638851166,
        0.38380953669548035,
        0.322857141494751,
        0.31904762983322144,
        0.04857143014669418,
        0.060952380299568176,
        0.05523809418082237,
        0.15142856538295746,
        0.21238094568252563,
        0.45428571105003357,
        0.7228571176528931,
        0.8304761648178101,
        0.9552381038665771,
        0.95333331823349,
        0.9276190400123596,
        0.95333331823349,
        0.9657142758369446,
        0.9171428680419922,
        0.9723809361457825,
        0.9019047617912292,
        0.9428571462631226,
        0.9399999976158142,
        0.05047618970274925,
        0.05428571254014969,
        0.051428571343421936,
        0.1361904740333557,
        0.3980952501296997,
        0.5676190257072449,
        0.6180952191352844,
        0.8847619295120239,
        0.9257143139839172,
        0.9361904859542847,
        0.9409523606300354,
        0.9419047832489014,
        0.9142857193946838,
        0.954285740852356,
        0.9466666579246521,
        0.9457142949104309,
        0.8819047808647156,
        0.961904764175415,
        0.9314285516738892,
        0.916190505027771
    ],