{
    "accuracy": [
        0.046394556760787964,
        0.0476190485060215,
        0.0476190485060215,
        0.0476190485060215,
        0.0476190485060215,
        0.4514285624027252,
        0.07428571581840515,
        0.0476190485060215,
        0.0476190485060215,
        0.0476190485060215,
        0.0476190485060215,
        0.34857141971588135,
        0.5685714483261108,
        0.6495237946510315,
        0.7038094997406006
    ],
    "loss": [
        NaN,
        NaN,
        NaN,
        NaN,
        NaN,
        68.97466278076172,
        NaN,
        NaN,
        NaN,
        NaN,
        NaN,
        9.536844253540039,
        7.636518478393555,
        6.784902572631836,
        6.119385242462158
    ],
    "val_accuracy": [
        0.0476190485060215,
        0.0476190485060215,
        0.0476190485060215,
        0.0476190485060215,
        0.0476190485060215,
        0.6866666674613953,
        0.0476190485060215,
        0.0476190485060215,
        0.0476190485060215,
        0.0476190485060215,
        0.0476190485060215,
        0.5552380681037903,
        0.7447618842124939,
        0.7914285659790039,
        0.8028571605682373
    ],
    "val_loss": [
        NaN,
        NaN,
        NaN,
        NaN,
        NaN,
        39.817752838134766,
        NaN,
        NaN,
        NaN,
        NaN,
        NaN,
        8.220724105834961,
        6.802677631378174,
        6.136993408203125,
        5.589451789855957
    ]
}