{
    "accuracy": [
        0.046394556760787964,
        0.0476190485060215,
        0.0476190485060215,
        0.0476190485060215,
        0.0476190485060215,
        0.4514285624027252
    ],
    "loss": [
        NaN,
        NaN,
        NaN,
        NaN,
        NaN,
        68.97466278076172
    ],
    "val_accuracy": [
        0.0476190485060215,
        0.0476190485060215,
        0.0476190485060215,
        0.0476190485060215,
        0.0476190485060215,
        0.6866666674613953
    ],
    "val_loss": [
        NaN,
        NaN,
        NaN,
        NaN,
        NaN,
        39.817752838134766
    ]
}