{
    "accuracy": [
        0.046394556760787964,
        0.0476190485060215,
        0.0476190485060215,
        0.0476190485060215,
        0.0476190485060215,
        0.4514285624027252,
        0.07428571581840515,
        0.0476190485060215,
        0.0476190485060215,
        0.0476190485060215,
        0.0476190485060215,
        0.34857141971588135,
        0.5685714483261108,
        0.6495237946510315,
        0.7038094997406006,
        0.3379591703414917,
        0.5688435435295105,
        0.6434013843536377,
        0.6961904764175415,
        0.7197278738021851,
        0.7561904788017273,
        0.777550995349884,
        0.7997279167175293,
        0.8126530647277832,
        0.8287074565887451,
        0.836326539516449,
        0.8561905026435852,
        0.867755115032196,
        0.87034010887146,
        0.8699319958686829,
        0.8751020431518555,
        0.8874830007553101,
        0.8877550959587097,
        0.8930612206459045,
        0.8959183692932129
    ],
    "loss": [
        NaN,
        NaN,
        NaN,
        NaN,
        NaN,
        68.97466278076172,
        NaN,
        NaN,
        NaN,
        NaN,
        NaN,
        9.536844253540039,
        7.636518478393555,
        6.784902572631836,
        6.119385242462158,
        9.455967903137207,
        7.488397598266602,
        6.665236473083496,
        6.019577503204346,
        5.505481719970703,
        5.0386176109313965,
        4.662336349487305,
        4.317907810211182,
        4.042334079742432,
        3.771592378616333,
        3.5451455116271973,
        3.2978675365448,
        3.1032142639160156,
        2.927783727645874,
        2.7831852436065674,
        2.6358845233917236,
        2.4851975440979004,
        2.3563005924224854,
        2.2463459968566895,
        2.1394052505493164
    ],
    "val_accuracy": [
        0.0476190485060215,
        0.0476190485060215,
        0.0476190485060215,
        0.0476190485060215,
        0.0476190485060215,
        0.6866666674613953,
        0.0476190485060215,
        0.0476190485060215,
        0.0476190485060215,
        0.0476190485060215,
        0.0476190485060215,
        0.5552380681037903,
        0.7447618842124939,
        0.7914285659790039,
        0.8028571605682373,
        0.5771428346633911,
        0.7438095211982727,
        0.7666666507720947,
        0.807619035243988,
        0.8304761648178101,
        0.8238095045089722,
        0.8285714387893677,
        0.8371428847312927,
        0.8266666531562805,
        0.8447619080543518,
        0.8571428656578064,
        0.8533333539962769,
        0.8523809313774109,
        0.868571400642395,
        0.8495237827301025,
        0.8561905026435852,
        0.8752381205558777,
        0.8780952095985413,
        0.8666666746139526,
        0.8552380800247192
    ],
    "val_loss": [
        NaN,
        NaN,
        NaN,
        NaN,
        NaN,
        39.817752838134766,
        NaN,
        NaN,
        NaN,
        NaN,
        NaN,
        8.220724105834961,
        6.802677631378174,
        6.136993408203125,
        5.589451789855957,
        7.955305099487305,
        6.674540996551514,
        5.970184803009033,
        5.424219131469727,
        5.009690284729004,
        4.679264068603516,
        4.358208179473877,
        4.0809736251831055,
        3.8373968601226807,
        3.615668296813965,
        3.413727045059204,
        3.186088800430298,
        3.018749713897705,
        2.863703966140747,
        2.75968599319458,
        2.6463065147399902,
        2.4746217727661133,
        2.3338286876678467,
        2.27071475982666,
        2.218116044998169
    ]
}