{
    "accuracy": [
        0.48108842968940735,
        0.7491156458854675,
        0.7963265180587769,
        0.8250340223312378,
        0.8364625573158264,
        0.8454421758651733,
        0.8559183478355408,
        0.8593197464942932,
        0.8628571629524231,
        0.862312912940979,
        0.8638095259666443,
        0.866394579410553,
        0.8624489903450012,
        0.8702040910720825,
        0.4756462574005127,
        0.7469387650489807,
        0.7983673214912415,
        0.8246258497238159,
        0.8364625573158264,
        0.8472108840942383,
        0.856054425239563,
        0.8548299074172974,
        0.8639456033706665,
        0.8601360321044922,
        0.8658503293991089,
        0.8659864068031311,
        0.867210865020752,
        0.8697959184646606,
        0.8734694123268127,
        0.8718367218971252,
        0.8721088171005249,
        0.8639456033706665,
        0.864625871181488,
        0.8736054301261902
    ],
    "loss": [
        13.986285209655762,
        9.543370246887207,
        6.862608432769775,
        5.058286190032959,
        3.853071689605713,
        3.0175530910491943,
        2.468641757965088,
        2.0879342555999756,
        1.8274425268173218,
        1.6564631462097168,
        1.5230281352996826,
        1.4417451620101929,
        1.3866846561431885,
        1.3425902128219604,
        14.015382766723633,
        9.56228256225586,
        6.8791632652282715,
        5.071239471435547,
        3.8512611389160156,
        3.0283257961273193,
        2.4670040607452393,
        2.0871095657348633,
        1.8277742862701416,
        1.6556307077407837,
        1.531427025794983,
        1.4495117664337158,
        1.3872759342193604,
        1.3418545722961426,
        1.3145540952682495,
        1.2858555316925049,
        1.2669590711593628,
        1.2660948038101196,
        1.2631239891052246,
        1.2427244186401367
    ],
    "val_accuracy": [
        0.7614285945892334,
        0.810952365398407,
        0.8523809313774109,
        0.8585714101791382,
        0.8666666746139526,
        0.8619047403335571,
        0.866190493106842,
        0.8776190280914307,
        0.8633333444595337,
        0.8714285492897034,
        0.8738095164299011,
        0.8733333349227905,
        0.8785714507102966,
        0.8690476417541504,
        0.7704761624336243,
        0.8152381181716919,
        0.8319047689437866,
        0.8485714197158813,
        0.8604761958122253,
        0.8571428656578064,
        0.8580952286720276,
        0.8614285588264465,
        0.8771428465843201,
        0.869523823261261,
        0.8709523677825928,
        0.8666666746139526,
        0.8628571629524231,
        0.8776190280914307,
        0.8728571534156799,
        0.8676190376281738,
        0.8728571534156799,
        0.8704761862754822,
        0.8652380704879761,
        0.8790476322174072
    ],
    "val_loss": [
        11.177008628845215,
        7.910811901092529,
        5.73306131362915,
        4.273577690124512,
        3.3000380992889404,
        2.64374041557312,
        2.1950020790100098,
        1.8826805353164673,
        1.6813759803771973,
        1.5479141473770142,
        1.4261925220489502,
        1.3656635284423828,
        1.3072584867477417,
        1.2894445657730103,
        11.194677352905273,
        7.913804054260254,
        5.752350330352783,
        4.30987024307251,
        3.3041465282440186,
        2.6552770137786865,
        2.206712007522583,
        1.8912965059280396,
        1.6762919425964355,
        1.548521637916565,
        1.4475308656692505,
        1.3727256059646606,
        1.3280655145645142,
        1.2835853099822998,
        1.2531641721725464,
        1.248971939086914,
        1.23063063621521,
        1.2178982496261597,
        1.2066913843154907,
        1.1945298910140991
    ]
}