{
    "accuracy": [
        0.48108842968940735,
        0.7491156458854675,
        0.7963265180587769,
        0.8250340223312378,
        0.8364625573158264,
        0.8454421758651733,
        0.8559183478355408,
        0.8593197464942932,
        0.8628571629524231,
        0.862312912940979,
        0.8638095259666443,
        0.866394579410553,
        0.8624489903450012,
        0.8702040910720825,
        0.4756462574005127,
        0.7469387650489807,
        0.7983673214912415,
        0.8246258497238159,
        0.8364625573158264,
        0.8472108840942383,
        0.856054425239563,
        0.8548299074172974,
        0.8639456033706665,
        0.8601360321044922,
        0.8658503293991089,
        0.8659864068031311,
        0.867210865020752,
        0.8697959184646606,
        0.8734694123268127,
        0.8718367218971252,
        0.8721088171005249,
        0.8639456033706665,
        0.864625871181488,
        0.8736054301261902,
        0.22789116203784943,
        0.4978231191635132,
        0.6171428561210632,
        0.6794557571411133,
        0.7156462669372559,
        0.7374149560928345,
        0.7648979425430298,
        0.7930611968040466,
        0.8004081845283508,
        0.8100680112838745,
        0.8288435339927673,
        0.8417686820030212,
        0.8491156697273254,
        0.8510203957557678,
        0.8606802821159363,
        0.87034010887146,
        0.8778231143951416,
        0.882040798664093,
        0.8889796137809753,
        0.8873469233512878,
        0.15823128819465637,
        0.3663945496082306,
        0.4881632626056671,
        0.563265323638916,
        0.6168707609176636,
        0.6495237946510315,
        0.6810884475708008,
        0.7061224579811096,
        0.7243537306785583,
        0.7455782294273376,
        0.7487074732780457,
        0.7551020383834839,
        0.7697958946228027,
        0.7855782508850098,
        0.7903401255607605,
        0.80448979139328,
        0.8157823085784912,
        0.8191836476325989,
        0.8247619271278381,
        0.8236734867095947
    ],
    "loss": [
        13.986285209655762,
        9.543370246887207,
        6.862608432769775,
        5.058286190032959,
        3.853071689605713,
        3.0175530910491943,
        2.468641757965088,
        2.0879342555999756,
        1.8274425268173218,
        1.6564631462097168,
        1.5230281352996826,
        1.4417451620101929,
        1.3866846561431885,
        1.3425902128219604,
        14.015382766723633,
        9.56228256225586,
        6.8791632652282715,
        5.071239471435547,
        3.8512611389160156,
        3.0283257961273193,
        2.4670040607452393,
        2.0871095657348633,
        1.8277742862701416,
        1.6556307077407837,
        1.531427025794983,
        1.4495117664337158,
        1.3872759342193604,
        1.3418545722961426,
        1.3145540952682495,
        1.2858555316925049,
        1.2669590711593628,
        1.2660948038101196,
        1.2631239891052246,
        1.2427244186401367,
        14.411966323852539,
        12.610215187072754,
        11.72095775604248,
        10.964305877685547,
        10.323018074035645,
        9.720611572265625,
        9.133713722229004,
        8.537164688110352,
        8.016600608825684,
        7.510429859161377,
        7.008817195892334,
        6.55210542678833,
        6.136909484863281,
        5.736333847045898,
        5.358020782470703,
        4.991120338439941,
        4.657923221588135,
        4.348806381225586,
        4.060740947723389,
        3.805715799331665,
        4.850271224975586,
        3.419464111328125,
        2.910928249359131,
        2.593437671661377,
        2.415468215942383,
        2.273505210876465,
        2.167149305343628,
        2.0809831619262695,
        2.0004351139068604,
        1.940014362335205,
        1.8887608051300049,
        1.8604823350906372,
        1.8202592134475708,
        1.7547703981399536,
        1.7399541139602661,
        1.6833735704421997,
        1.6611624956130981,
        1.6306841373443604,
        1.5871927738189697,
        1.5859200954437256
    ],
    "val_accuracy": [
        0.7614285945892334,
        0.810952365398407,
        0.8523809313774109,
        0.8585714101791382,
        0.8666666746139526,
        0.8619047403335571,
        0.866190493106842,
        0.8776190280914307,
        0.8633333444595337,
        0.8714285492897034,
        0.8738095164299011,
        0.8733333349227905,
        0.8785714507102966,
        0.8690476417541504,
        0.7704761624336243,
        0.8152381181716919,
        0.8319047689437866,
        0.8485714197158813,
        0.8604761958122253,
        0.8571428656578064,
        0.8580952286720276,
        0.8614285588264465,
        0.8771428465843201,
        0.869523823261261,
        0.8709523677825928,
        0.8666666746139526,
        0.8628571629524231,
        0.8776190280914307,
        0.8728571534156799,
        0.8676190376281738,
        0.8728571534156799,
        0.8704761862754822,
        0.8652380704879761,
        0.8790476322174072,
        0.42095237970352173,
        0.6971428394317627,
        0.7942857146263123,
        0.8252381086349487,
        0.8399999737739563,
        0.8490476012229919,
        0.8704761862754822,
        0.8776190280914307,
        0.8738095164299011,
        0.881428599357605,
        0.8904761672019958,
        0.8942857384681702,
        0.8980952501296997,
        0.8995237946510315,
        0.9104762077331543,
        0.8980952501296997,
        0.9004762172698975,
        0.9119047522544861,
        0.9066666960716248,
        0.9114285707473755,
        0.35857143998146057,
        0.6280952095985413,
        0.7323809266090393,
        0.7819047570228577,
        0.7980952262878418,
        0.8128571510314941,
        0.834761917591095,
        0.8319047689437866,
        0.8523809313774109,
        0.8604761958122253,
        0.8471428751945496,
        0.8585714101791382,
        0.880476176738739,
        0.8799999952316284,
        0.8780952095985413,
        0.8823809623718262,
        0.8914285898208618,
        0.8871428370475769,
        0.8952381014823914,
        0.8928571343421936
    ],